tool	corpus	case	state	reading	seconds
edit-report	short	case1-faithful	reported	correspondence: 1 segment(s), 0 cut(s), 0 unmatched stretch(es)	9.6
edit-report	short	case2-cut	reported	correspondence: 2 segment(s), 1 cut(s), 1 unmatched stretch(es)	7.8
edit-report	short	case3-foreign	reported	correspondence: 2 segment(s), 1 cut(s), 2 unmatched stretch(es)	9.2
edit-report	short	case4-reordered	reported	correspondence: 2 segment(s), 1 cut(s), 1 unmatched stretch(es)	9.4
edit-report	short	case6-retouched	reported	correspondence: 1 segment(s), 0 cut(s), 0 unmatched stretch(es)	9.0
edit-report	short	case7-one-frame	reported	correspondence: 1 segment(s), 0 cut(s), 0 unmatched stretch(es)	9.0
edit-report	short	vXcAFFLUBpCa-150k	reported	correspondence: 1 segment(s), 0 cut(s), 0 unmatched stretch(es)	8.2
edit-report	short	vXcAFFLUBpCa-half	reported	correspondence: 1 segment(s), 0 cut(s), 0 unmatched stretch(es)	7.5
edit-report	short	vXcAFFLUBpCa-reencode	reported	correspondence: 1 segment(s), 0 cut(s), 0 unmatched stretch(es)	9.5
edit-report	short	vXcAFFLUBpCa-two-thirds	reported	correspondence: 1 segment(s), 0 cut(s), 0 unmatched stretch(es)	8.4
edit-report	short	case5-swap	reported	correspondence: 0 segment(s), 0 cut(s), 1 unmatched stretch(es)	9.0
edit-report	long	L-150k	reported	correspondence: 1 segment(s), 0 cut(s), 0 unmatched stretch(es)	20.2
edit-report	long	L-half	reported	correspondence: 1 segment(s), 0 cut(s), 0 unmatched stretch(es)	20.1
edit-report	long	L-two-thirds	reported	correspondence: 1 segment(s), 0 cut(s), 0 unmatched stretch(es)	21.4
edit-report	long	L1-faithful	reported	correspondence: 1 segment(s), 0 cut(s), 0 unmatched stretch(es)	26.6
edit-report	long	L2-cut	reported	correspondence: 2 segment(s), 1 cut(s), 1 unmatched stretch(es)	23.3
edit-report	long	L3-foreign	reported	correspondence: 2 segment(s), 1 cut(s), 1 unmatched stretch(es)	25.7
edit-report	long	L4-reordered	reported	correspondence: 2 segment(s), 1 cut(s), 1 unmatched stretch(es)	25.2
edit-report	long	L6-retouched	reported	correspondence: 3 segment(s), 2 cut(s), 2 unmatched stretch(es)	25.4
edit-report	long	L7-one-frame	reported	correspondence: 1 segment(s), 0 cut(s), 0 unmatched stretch(es)	25.4
edit-report	long	L5-swap	reported	correspondence: 0 segment(s), 0 cut(s), 1 unmatched stretch(es)	38.3
ffmpeg-signature	short	case1-faithful	silent	no matching of video 0 and 1	2.4
ffmpeg-signature	short	case2-cut	silent	no matching of video 0 and 1	2.0
ffmpeg-signature	short	case3-foreign	silent	no matching of video 0 and 1	2.4
ffmpeg-signature	short	case4-reordered	silent	no matching of video 0 and 1	2.4
ffmpeg-signature	short	case6-retouched	silent	no matching of video 0 and 1	2.4
ffmpeg-signature	short	case7-one-frame	silent	no matching of video 0 and 1	2.4
ffmpeg-signature	short	vXcAFFLUBpCa-150k	silent	no matching of video 0 and 1	2.3
ffmpeg-signature	short	vXcAFFLUBpCa-half	reported	matching of video 0 at 18.266667 and 1 at 18.266667, 562 frames matching	1.5
ffmpeg-signature	short	vXcAFFLUBpCa-reencode	silent	no matching of video 0 and 1	2.4
ffmpeg-signature	short	vXcAFFLUBpCa-two-thirds	reported	matching of video 0 at 18.466667 and 1 at 18.433333, 561 frames matching	1.8
ffmpeg-signature	short	case5-swap	silent	no matching of video 0 and 1	2.9
ffmpeg-signature	long	L-150k	reported	matching of video 0 at 25.033333 and 1 at 25.033333, 2576 frames matching	10.4
ffmpeg-signature	long	L-half	reported	matching of video 0 at 29.133333 and 1 at 29.133333, 2576 frames matching	6.6
ffmpeg-signature	long	L-two-thirds	reported	matching of video 0 at 28.833333 and 1 at 28.833333, 2576 frames matching	7.5
ffmpeg-signature	long	L1-faithful	reported	matching of video 0 at 28.533333 and 1 at 28.533333, 2576 frames matching	10.5
ffmpeg-signature	long	L2-cut	reported	matching of video 0 at 38.500000 and 1 at 58.500000, 1079 frames matching	9.2
ffmpeg-signature	long	L3-foreign	reported	matching of video 0 at 67.535000 and 1 at 70.533333, 1379 frames matching	10.6
ffmpeg-signature	long	L4-reordered	reported	matching of video 0 at 5.166667 and 1 at 48.033333, 1290 frames matching	10.3
ffmpeg-signature	long	L6-retouched	reported	matching of video 0 at 67.535000 and 1 at 67.533333, 2576 frames matching	10.3
ffmpeg-signature	long	L7-one-frame	reported	matching of video 0 at 28.533333 and 1 at 28.533333, 2576 frames matching	10.4
ffmpeg-signature	long	L5-swap	silent	no matching of video 0 and 1	31.6
ffmpeg-signature	floor	562-frames	silent	5/5 runs: no matching	-
ffmpeg-signature	floor	750-frames	silent	5/5 runs: no matching	-
ffmpeg-signature	floor	870-frames	silent	5/5 runs: no matching	-
ffmpeg-signature	floor	880-frames	reported	5/5 runs: matching of video 0 at 28.533333 and 1 at 28.533333, 880 frames matching	-
ffmpeg-signature	floor	900-frames	reported	5/5 runs: matching of video 0 at 28.533333 and 1 at 28.533333, 900 frames matching	-
ffmpeg-signature	floor	1200-frames	reported	5/5 runs: matching of video 0 at 28.533333 and 1 at 28.533333, 1200 frames matching	-
ffmpeg-signature	floor	2576-frames	reported	5/5 runs: matching of video 0 at 28.533333 and 1 at 28.533333, 2576 frames matching	-
ffmpeg-ssim	short	case1-faithful	reported	SSIM Y:0.976902 (16.364182) U:0.980742 (17.153834) V:0.986103 (18.570934) All:0.979075 (16.793402)	0.5
ffmpeg-ssim	short	case2-cut	reported	SSIM Y:0.575670 (3.722964) U:0.831655 (7.737989) V:0.907973 (10.360867) All:0.673718 (4.864070)	0.4
ffmpeg-ssim	short	case3-foreign	reported	SSIM Y:0.579160 (3.758828) U:0.849943 (8.237447) V:0.915647 (10.738978) All:0.680372 (4.953546)	0.4
ffmpeg-ssim	short	case4-reordered	reported	SSIM Y:0.210259 (1.025153) U:0.700254 (5.232470) V:0.851403 (8.279907) All:0.398782 (2.209682)	0.4
ffmpeg-ssim	short	case6-retouched	reported	SSIM Y:0.959812 (13.959037) U:0.974377 (15.913754) V:0.981022 (17.217520) All:0.965775 (14.656512)	0.4
ffmpeg-ssim	short	case7-one-frame	reported	SSIM Y:0.967889 (14.933527) U:0.975370 (16.085365) V:0.982973 (17.688720) All:0.971650 (15.474504)	0.4
ffmpeg-ssim	short	vXcAFFLUBpCa-150k	reported	SSIM Y:0.455993 (2.643952) U:0.817808 (7.394712) V:0.917017 (10.810131) All:0.593133 (3.905472)	0.3
ffmpeg-ssim	short	vXcAFFLUBpCa-half	cannot-express	Width and height of input videos must be same.	0.1
ffmpeg-ssim	short	vXcAFFLUBpCa-reencode	reported	SSIM Y:0.976902 (16.364182) U:0.980742 (17.153834) V:0.986103 (18.570934) All:0.979075 (16.793402)	0.5
ffmpeg-ssim	short	vXcAFFLUBpCa-two-thirds	cannot-express	Width and height of input videos must be same.	0.1
ffmpeg-ssim	short	case5-swap	reported	SSIM Y:0.252516 (1.263978) U:0.754416 (6.098004) V:0.863875 (8.660606) All:0.438059 (2.503091)	0.4
ffmpeg-psnr	short	case1-faithful	reported	PSNR y:36.586017 u:43.923480 v:47.092925 average:38.059598 min:19.649457 max:45.225035	0.4
ffmpeg-psnr	short	case6-retouched	reported	PSNR y:26.584340 u:40.585140 v:41.338875 average:28.266425 min:19.648234 max:43.845504	0.4
ffmpeg-psnr	short	case7-one-frame	reported	PSNR y:35.006418 u:42.664742 v:45.996496 average:36.502942 min:19.648234 max:43.845504	0.4
ffmpeg-psnr	short	vXcAFFLUBpCa-150k	reported	PSNR y:19.028567 u:26.475493 v:30.565873 average:20.525983 min:19.360224 max:24.761988	0.3
ffmpeg-ssim-perframe	short	case1-faithful	reported	f=5 t= 0.13s ssim=0.4912 220.9 deviations below the median · f=3 t= 0.07s ssim=0.5413 198.3 deviations below the median · f=150 t= 4.97s ssim=0.9618 8.1 deviations below the median	-
ffmpeg-ssim-perframe	short	case2-cut	silent	no frame departs from this file's own spread by 8 deviations	-
ffmpeg-ssim-perframe	short	case3-foreign	silent	no frame departs from this file's own spread by 8 deviations	-
ffmpeg-ssim-perframe	short	case4-reordered	silent	no frame departs from this file's own spread by 8 deviations	-
ffmpeg-ssim-perframe	short	case6-retouched	reported	f=5 t= 0.13s ssim=0.4919 78.3 deviations below the median · f=3 t= 0.07s ssim=0.5426 70.0 deviations below the median	-
ffmpeg-ssim-perframe	short	case7-one-frame	reported	f=5 t= 0.13s ssim=0.4919 144.9 deviations below the median · f=3 t= 0.07s ssim=0.5426 129.6 deviations below the median · f=301 t= 10.00s ssim=0.6281 103.9 deviations below the median	-
ffmpeg-ssim-perframe	short	vXcAFFLUBpCa-150k	silent	no frame departs from this file's own spread by 8 deviations	-
ffmpeg-ssim-perframe	short	vXcAFFLUBpCa-half	cannot-express	the ssim filter refused these two sizes, so there is no per-frame log to read	-
ffmpeg-ssim-perframe	short	vXcAFFLUBpCa-reencode	reported	f=5 t= 0.13s ssim=0.4912 220.9 deviations below the median · f=3 t= 0.07s ssim=0.5413 198.3 deviations below the median · f=150 t= 4.97s ssim=0.9618 8.1 deviations below the median	-
ffmpeg-ssim-perframe	short	vXcAFFLUBpCa-two-thirds	cannot-express	the ssim filter refused these two sizes, so there is no per-frame log to read	-
ffmpeg-scdet	short	case1-faithful	silent	no boundary	0.3
ffmpeg-scdet	short	case2-cut	reported	boundaries at 8 	0.2
ffmpeg-scdet	short	case3-foreign	reported	boundaries at 9 10.01983 	0.3
ffmpeg-scdet	short	case4-reordered	reported	boundaries at 8.733333 	0.3
ffmpeg-scdet	short	case6-retouched	silent	no boundary	0.3
ffmpeg-scdet	short	case7-one-frame	silent	no boundary	0.3
ffmpeg-scdet	short	vXcAFFLUBpCa-150k	silent	no boundary	0.2
ffmpeg-scdet	short	vXcAFFLUBpCa-half	silent	no boundary	0.2
ffmpeg-scdet	short	vXcAFFLUBpCa-reencode	silent	no boundary	0.3
ffmpeg-scdet	short	vXcAFFLUBpCa-two-thirds	silent	no boundary	0.2
ffmpeg-scdet	short	ORIGINAL-untouched	silent	no boundary	0.3
ffmpeg-scdet	long	L-150k	reported	boundaries at 77.733333 	1.0
ffmpeg-scdet	long	L-half	reported	boundaries at 77.366667 77.733333 	0.6
ffmpeg-scdet	long	L-two-thirds	reported	boundaries at 77.366667 77.733333 	0.7
ffmpeg-scdet	long	L1-faithful	reported	boundaries at 77.366667 77.733333 	1.3
ffmpeg-scdet	long	L2-cut	reported	boundaries at 30 57.366667 57.733333 	0.9
ffmpeg-scdet	long	L3-foreign	reported	boundaries at 40 43 80.366667 80.733333 	1.2
ffmpeg-scdet	long	L4-reordered	reported	boundaries at 34.366667 34.733333 42.866667 	1.1
ffmpeg-scdet	long	L6-retouched	reported	boundaries at 77.366667 77.733333 	1.2
ffmpeg-scdet	long	L7-one-frame	reported	boundaries at 77.366667 77.733333 	1.2
ffmpeg-scdet	long	ORIGINAL-untouched	reported	boundaries at 77.368333 77.735 	1.0
videohash	short	case1-faithful	reported	distance=1 of 64, is_similar=True	1.7s
videohash	short	case2-cut	reported	distance=19 of 64, is_similar=False	1.7s
videohash	short	case3-foreign	reported	distance=32 of 64, is_similar=False	1.3s
videohash	short	case4-reordered	reported	distance=13 of 64, is_similar=False	1.6s
videohash	short	case6-retouched	reported	distance=1 of 64, is_similar=True	1.5s
videohash	short	case7-one-frame	reported	distance=1 of 64, is_similar=True	1.5s
videohash	short	vXcAFFLUBpCa-150k	reported	distance=10 of 64, is_similar=True	0.9s
videohash	short	vXcAFFLUBpCa-half	reported	distance=2 of 64, is_similar=True	1.1s
videohash	short	vXcAFFLUBpCa-reencode	reported	distance=1 of 64, is_similar=True	1.7s
videohash	short	vXcAFFLUBpCa-two-thirds	reported	distance=1 of 64, is_similar=True	1.2s
videohash	short	case5-swap	reported	distance=30 of 64, is_similar=False	1.1s
videohash	short	where-is-the-cut	cannot-express	output is one 64-bit hash for the whole recording	-
videohash	short	which-region	cannot-express	output is one 64-bit hash for the whole recording	-
videohash	short	which-frame	cannot-express	output is one 64-bit hash for the whole recording	-
vidhash	short	case1-faithful	reported	check_match=True, 94/94 frames agree at offset +0.0s	1.0s
vidhash	short	case2-cut	reported	check_match=True, 40/64 frames agree at offset +0.0s	0.7s
vidhash	short	case3-foreign	reported	check_match=True, 45/99 frames agree at offset +0.0s	0.9s
vidhash	short	case4-reordered	reported	check_match=True, 44/94 frames agree at offset +10.0s	0.9s
vidhash	short	case6-retouched	reported	check_match=True, 86/94 frames agree at offset +0.0s	0.9s
vidhash	short	case7-one-frame	reported	check_match=True, 94/94 frames agree at offset +0.0s	0.9s
vidhash	short	vXcAFFLUBpCa-150k	reported	check_match=True, 45/94 frames agree at offset +0.0s	0.9s
vidhash	short	vXcAFFLUBpCa-half	reported	check_match=True, 94/94 frames agree at offset +0.0s	0.9s
vidhash	short	vXcAFFLUBpCa-reencode	reported	check_match=True, 94/94 frames agree at offset +0.0s	1.0s
vidhash	short	vXcAFFLUBpCa-two-thirds	reported	check_match=True, 94/94 frames agree at offset +0.0s	0.9s
vidhash	short	case5-swap	reported	check_match=False, 0/129 frames agree at offset +0.0s	1.3s
vidhash	short	where-is-the-cut	cannot-express	check_match returns True or False	-
vidhash	short	which-region	cannot-express	check_match returns True or False	-
vpdq	short	case1-faithful	reported	94/94 frames matched (100%), 94 of them at offset +0.0s	1.5s
vpdq	short	case2-cut	reported	64/64 frames matched (100%), 40 of them at offset +0.0s	0.9s
vpdq	short	case3-foreign	reported	89/119 frames matched (75%), 28 of them at offset -1.0s	1.3s
vpdq	short	case4-reordered	reported	77/94 frames matched (82%), 44 of them at offset +10.0s	1.4s
vpdq	short	case6-retouched	reported	79/94 frames matched (84%), 79 of them at offset +0.0s	1.3s
vpdq	short	case7-one-frame	reported	94/94 frames matched (100%), 94 of them at offset +0.0s	1.3s
vpdq	short	vXcAFFLUBpCa-150k	reported	46/94 frames matched (49%), 42 of them at offset +0.0s	0.5s
vpdq	short	vXcAFFLUBpCa-half	reported	94/94 frames matched (100%), 94 of them at offset +0.0s	0.6s
vpdq	short	vXcAFFLUBpCa-reencode	reported	94/94 frames matched (100%), 94 of them at offset +0.0s	1.5s
vpdq	short	vXcAFFLUBpCa-two-thirds	reported	94/94 frames matched (100%), 94 of them at offset +0.0s	0.7s
vpdq	short	case5-swap	silent	no frame within distance 31 of any reference frame	1.2s
vpdq	short	which-region	cannot-express	a frame hash has no inside; it cannot point at a part of the picture	-
pyscenedetect	short	case1-faithful	silent	no boundary	1.2
pyscenedetect	short	case2-cut	reported	boundaries at 8.000 	0.8
pyscenedetect	short	case3-foreign	reported	boundaries at 9.000 10.020 	1.1
pyscenedetect	short	case4-reordered	reported	boundaries at 8.733 	1.1
pyscenedetect	short	case6-retouched	silent	no boundary	1.1
pyscenedetect	short	case7-one-frame	silent	no boundary	1.1
pyscenedetect	short	vXcAFFLUBpCa-150k	reported	boundaries at 8.333 16.667 	1.0
pyscenedetect	short	vXcAFFLUBpCa-half	silent	no boundary	0.5
pyscenedetect	short	vXcAFFLUBpCa-reencode	silent	no boundary	1.1
pyscenedetect	short	vXcAFFLUBpCa-two-thirds	silent	no boundary	0.7
pyscenedetect	short	ORIGINAL-untouched	silent	no boundary	1.1
pyscenedetect	long	ORIGINAL-untouched	reported	boundaries at 6.167 14.633 21.167 77.802 80.735 	3.8
pyscenedetect	short	is-this-an-edit	cannot-express	it never sees the original, so a boundary it finds may always have been there	-
